ID,Severity,Event Type,Event Description,Generation Time,Status,Event Code,Suggestion
"451","Major","System","Failed RAID array detected.","2025-07-17 08:59:02","Deasserted","0x2C000076","N/A"
"450","Normal","Disk","RAID rebuild at the disk Disk0 stopped (SN:034BBTN0P8016439).","2025-07-17 08:58:51","Asserted","0x0200000F",""
"449","Normal","Disk","The disk Disk0 is replaced from SN(034HBJFSN2006773) to SN(034BBTN0P8016439) (SN:034BBTN0P8016439).","2025-07-17 08:25:03","Asserted","0x02000023",""
"448","Normal","Disk","RAID rebuild starts at the disk Disk0 (SN:034BBTN0P8016439).","2025-07-17 08:25:03","Asserted","0x0200000D",""
"447","Minor","Disk","The disk Disk0 state is abnormal.","2025-07-17 08:25:03","Deasserted","0x02000028","N/A"
"446","Minor","Disk","The disk Disk0 state is abnormal.","2025-07-17 08:24:37","Asserted","0x02000027","1. If a hard disk failure alarm exists on the server, handle the problem by referring to the alarm message.2. Manually change the hard disk status.3. Replace the hard disk."
"445","Major","Disk","The disk Disk0 RAID array is invalid.","2025-07-17 08:24:37","Deasserted","0x0200000C","N/A"
"444","Normal","Disk","The disk Disk0 installed.","2025-07-17 08:24:14","Asserted","0x02000003",""
"443","Major","System","Failed RAID array detected.","2025-07-17 08:23:51","Asserted","0x2C000075","Check all RAID arrays and perform the following operations for the RAID arrays in abnormal state: 1. If a member disk is removed, reinstall the disk. 2. If all member disks are installed, replace the faulty disks."
"442","Major","Disk","The disk Disk0 RAID array is invalid.","2025-07-17 08:23:36","Asserted","0x0200000B","1. If a member disk is removed, reinstall the disk.2. If all member disks are installed, replace the faulty disks."
"441","Normal","Disk","The disk Disk0 removed.","2025-07-17 08:23:13","Asserted","0x02000005",""
"440","Major","System","Failed RAID array detected.","2025-07-17 08:16:47","Deasserted","0x2C000076","N/A"
"439","Normal","Disk","RAID rebuild at the disk Disk1 stopped (SN:034BBTN0P8016958).","2025-07-17 08:16:08","Asserted","0x0200000F",""
"438","Major","Disk","The disk Disk0 remnant media wearout is lower than the threshold (5%) (SN:034HBJFSN2006773).","2025-07-17 07:57:00","Deasserted","0x0200001E","N/A"
"437","Major","System","Failed RAID array detected.","2025-07-17 07:23:13","Asserted","0x2C000075","Check all RAID arrays and perform the following operations for the RAID arrays in abnormal state: 1. If a member disk is removed, reinstall the disk. 2. If all member disks are installed, replace the faulty disks."
"436","Major","Disk","The disk Disk1 remnant media wearout is lower than the threshold (5%) (SN:034BBTN0P8016958).","2025-07-17 07:23:03","Deasserted","0x0200001E","N/A"
"435","Normal","Disk","The disk Disk1 is replaced from SN(034HBJFSN2002922) to SN(034BBTN0P8016958) (SN:034BBTN0P8016958).","2025-07-17 07:22:55","Asserted","0x02000023",""
"434","Normal","Disk","RAID rebuild starts at the disk Disk1 (SN:034BBTN0P8016958).","2025-07-17 07:22:55","Asserted","0x0200000D",""
"433","Major","Disk","The disk Disk0 remnant media wearout (3%) is lower than the threshold (5%) (SN:034HBJFSN2006773).","2025-07-17 07:22:53","Asserted","0x0200001D","Replace the disk."
"432","Minor","Disk","The disk Disk1 state is abnormal.","2025-07-17 07:22:50","Deasserted","0x02000028","N/A"
"431","Minor","Disk","The disk Disk1 state is abnormal.","2025-07-17 07:22:24","Asserted","0x02000027","1. If a hard disk failure alarm exists on the server, handle the problem by referring to the alarm message.2. Manually change the hard disk status.3. Replace the hard disk."
"430","Major","Disk","The disk Disk1 RAID array is invalid.","2025-07-17 07:22:24","Deasserted","0x0200000C","N/A"
"429","Normal","Disk","The disk Disk1 installed.","2025-07-17 07:22:04","Asserted","0x02000003",""
"428","Major","Disk","The disk Disk1 RAID array is invalid.","2025-07-17 07:21:07","Asserted","0x0200000B","1. If a member disk is removed, reinstall the disk.2. If all member disks are installed, replace the faulty disks."
"427","Normal","Disk","The disk Disk1 removed.","2025-07-17 07:20:44","Asserted","0x02000005",""
"426","Normal","Disk","The disk Disk8 is replaced from SN(034BBPN0NC010809) to SN(034BBPN0NC010579) (SN:034BBPN0NC010579).","2025-07-17 06:45:02","Asserted","0x02000023",""
"425","Normal","Disk","The disk Disk10 is replaced from SN(034BBPN0NC010579) to SN(034BBPN0NC010809) (SN:034BBPN0NC010809).","2025-07-17 06:45:00","Asserted","0x02000023",""
"424","Normal","Disk","The disk Disk9 installed.","2025-07-17 06:44:18","Asserted","0x02000003",""
"423","Normal","Disk","The disk Disk10 installed.","2025-07-17 06:44:09","Asserted","0x02000003",""
"422","Normal","Disk","The disk Disk8 installed.","2025-07-17 06:44:03","Asserted","0x02000003",""
"421","Major","System","Failed RAID array detected.","2025-07-16 10:53:32","Deasserted","0x2C000076","N/A"
"420","Normal","Disk","RAID rebuild at the disk Disk1 stopped (SN:034HBJFSN2002922).","2025-07-16 10:53:15","Asserted","0x0200000F",""
"419","Minor","Disk","The disk Disk1 has foreign configuration (SN:034HBJFSN2002922).","2025-07-16 10:01:25","Deasserted","0x0200002A","N/A"
"418","Normal","Disk","RAID rebuild starts at the disk Disk1 (SN:034HBJFSN2002922).","2025-07-16 10:01:24","Asserted","0x0200000D",""
"417","Minor","Disk","The disk Disk9 has foreign configuration.","2025-07-16 07:57:16","Deasserted","0x0200002A","N/A"
"416","Normal","Disk","The disk Disk9 removed.","2025-07-16 07:57:11","Asserted","0x02000005",""
"415","Minor","Disk","The disk Disk10 has foreign configuration.","2025-07-16 07:57:08","Deasserted","0x0200002A","N/A"
"414","Normal","Disk","The disk Disk10 removed.","2025-07-16 07:57:03","Asserted","0x02000005",""
"413","Minor","Disk","The disk Disk8 has foreign configuration.","2025-07-16 07:56:59","Deasserted","0x0200002A","N/A"
"412","Normal","Disk","The disk Disk8 removed.","2025-07-16 07:56:52","Asserted","0x02000005",""
"411","Major","Disk","The disk Disk1 failure (SN:034HBJFSN2002922).","2025-07-16 07:42:49","Deasserted","0x02000008","N/A"
"410","Minor","Disk","The disk Disk1 has foreign configuration (SN:034HBJFSN2002922).","2025-07-16 07:42:49","Asserted","0x02000029","Clear or import the configuration."
"409","Minor","Disk","The disk Disk1 state is abnormal (SN:034HBJFSN2002922).","2025-07-16 07:42:49","Deasserted","0x02000028","N/A"
"408","Minor","Disk","The disk Disk10 has foreign configuration (SN:034BBPN0NC010579).","2025-07-16 07:19:01","Asserted","0x02000029","Clear or import the configuration."
"407","Minor","Disk","The disk Disk8 has foreign configuration (SN:034BBPN0NC010809).","2025-07-16 07:18:53","Asserted","0x02000029","Clear or import the configuration."
"406","Minor","Disk","The disk Disk9 has foreign configuration (SN:034BBPN0NC010902).","2025-07-16 07:18:44","Asserted","0x02000029","Clear or import the configuration."
"405","Normal","Disk","The disk Disk10 installed.","2025-07-16 07:18:00","Asserted","0x02000003",""
"404","Normal","Disk","The disk Disk9 installed.","2025-07-16 07:17:49","Asserted","0x02000003",""
"403","Major","Disk","The disk Disk1 failure (SN:034HBJFSN2002922).","2025-07-16 07:17:44","Asserted","0x02000007","Replace the hard disk."
"402","Normal","Disk","The disk Disk8 installed.","2025-07-16 07:17:41","Asserted","0x02000003",""
"401","Minor","Disk","The disk Disk1 state is abnormal.","2025-07-16 07:17:10","Asserted","0x02000027","1. If a hard disk failure alarm exists on the server, handle the problem by referring to the alarm message.2. Manually change the hard disk status.3. Replace the hard disk."
"400","Major","Disk","The disk Disk1 RAID array is invalid.","2025-07-16 07:17:10","Deasserted","0x0200000C","N/A"
"399","Normal","Disk","The disk Disk1 installed.","2025-07-16 07:16:49","Asserted","0x02000003",""
"398","Major","System","Failed RAID array detected.","2025-07-16 07:08:29","Asserted","0x2C000075","Check all RAID arrays and perform the following operations for the RAID arrays in abnormal state: 1. If a member disk is removed, reinstall the disk. 2. If all member disks are installed, replace the faulty disks."
"397","Major","Disk","The disk Disk1 RAID array is invalid.","2025-07-16 07:08:23","Asserted","0x0200000B","1. If a member disk is removed, reinstall the disk.2. If all member disks are installed, replace the faulty disks."
"396","Normal","Disk","The disk Disk1 removed.","2025-07-16 07:07:56","Asserted","0x02000005",""
"395","Major","Disk","The disk Disk1 remnant media wearout (4%) is lower than the threshold (5%) (SN:034HBJFSN2002922).","2025-07-11 13:52:55","Asserted","0x0200001D","Replace the disk."
"394","Normal","BMC","iBMC security log has reached 90% space capacity.","2025-07-10 10:24:14","Deasserted","0x1A00001E","N/A"
"393","Normal","BMC","iBMC security log has reached 90% space capacity.","2025-07-03 10:22:38","Asserted","0x1A00001D","1. Export the security logs.2. Enable remote syslog dump."
"392","Normal","RAID Card","RAID card 1 BBU is present (SN:033EFTBBL7032377, BN:03024JMY).","2025-06-17 11:22:16","Asserted","0x06000015",""
"391","Normal","RAID Card","RAID card 1 BBU is absent (SN:033EFTBBL7032377, BN:03024JMY).","2025-06-17 11:18:17","Asserted","0x06000013","Install BBU."
"390","Normal","BMC","iBMC security log has reached 90% space capacity.","2025-04-26 10:30:13","Deasserted","0x1A00001E","N/A"
"389","Normal","BMC","iBMC security log has reached 90% space capacity.","2025-04-16 23:25:09","Asserted","0x1A00001D","1. Export the security logs.2. Enable remote syslog dump."
"388","Normal","RAID Card","RAID card 1 BBU is present (SN:033EFTBBL7032377, BN:03024JMY).","2025-03-01 08:52:17","Asserted","0x06000015",""
"387","Normal","RAID Card","RAID card 1 BBU is absent (SN:033EFTBBL7032377, BN:03024JMY).","2025-03-01 08:51:23","Asserted","0x06000013","Install BBU."
"386","Normal","BMC","iBMC security log has reached 90% space capacity.","2025-02-09 06:54:11","Deasserted","0x1A00001E","N/A"
"385","Normal","BMC","iBMC security log has reached 90% space capacity.","2025-02-06 02:11:10","Asserted","0x1A00001D","1. Export the security logs.2. Enable remote syslog dump."
"384","Normal","BMC","iBMC security log has reached 90% space capacity.","2024-12-05 19:18:14","Deasserted","0x1A00001E","N/A"
"383","Normal","BMC","iBMC security log has reached 90% space capacity.","2024-11-27 12:06:09","Asserted","0x1A00001D","1. Export the security logs.2. Enable remote syslog dump."
"382","Normal","RAID Card","RAID card 1 BBU is present (SN:033EFTBBL7032377, BN:03024JMY).","2024-11-23 08:08:27","Asserted","0x06000015",""
"381","Normal","RAID Card","RAID card 1 BBU is absent (SN:033EFTBBL7032377, BN:03024JMY).","2024-11-23 08:08:00","Asserted","0x06000013","Install BBU."
"380","Normal","BMC","iBMC security log has reached 90% space capacity.","2024-09-12 10:12:15","Deasserted","0x1A00001E","N/A"
"379","Normal","BMC","iBMC security log has reached 90% space capacity.","2024-09-06 02:41:35","Asserted","0x1A00001D","1. Export the security logs.2. Enable remote syslog dump."
"378","Normal","Port","NIC 2 (TM280) Port 1 disconnected.","2024-07-19 15:15:38","Deasserted","0x29000002","N/A"
"377","Normal","Port","NIC 1 (TM280) Port 1 disconnected.","2024-07-19 15:15:38","Deasserted","0x29000002","N/A"
"376","Normal","Port","NIC 2 (TM280) Port 1 disconnected.","2024-07-19 15:12:29","Asserted","0x29000001","1. Remove and reconnect the network cable.2. Check whether the network cable is securely connected to the network switch.3. Check whether the network switch is working properly."
"375","Normal","Port","NIC 1 (TM280) Port 1 disconnected.","2024-07-19 15:12:29","Asserted","0x29000001","1. Remove and reconnect the network cable.2. Check whether the network cable is securely connected to the network switch.3. Check whether the network switch is working properly."
"374","Normal","System","The host was restarted due to unrecognized reason.","2024-07-19 15:12:18","Asserted","0x2C00000F",""
"373","Normal","Port","NIC 2 (TM280) Port 1 disconnected.","2024-07-19 14:21:18","Deasserted","0x29000002","N/A"
"372","Normal","Port","NIC 1 (TM280) Port 1 disconnected.","2024-07-19 14:21:14","Deasserted","0x29000002","N/A"
"371","Normal","Port","NIC 2 (TM280) Port 1 disconnected.","2024-07-19 14:18:05","Asserted","0x29000001","1. Remove and reconnect the network cable.2. Check whether the network cable is securely connected to the network switch.3. Check whether the network switch is working properly."
"370","Normal","Port","NIC 1 (TM280) Port 1 disconnected.","2024-07-19 14:18:05","Asserted","0x29000001","1. Remove and reconnect the network cable.2. Check whether the network cable is securely connected to the network switch.3. Check whether the network switch is working properly."
"369","Normal","System","The host was restarted due to unrecognized reason.","2024-07-19 14:17:55","Asserted","0x2C00000F",""
"368","Normal","Port","NIC 2 (TM280) Port 1 disconnected.","2024-07-19 13:43:48","Deasserted","0x29000002","N/A"
"367","Normal","Port","NIC 1 (TM280) Port 1 disconnected.","2024-07-19 13:43:48","Deasserted","0x29000002","N/A"
"366","Normal","Port","NIC 2 (TM280) Port 1 disconnected.","2024-07-19 13:43:38","Asserted","0x29000001","1. Remove and reconnect the network cable.2. Check whether the network cable is securely connected to the network switch.3. Check whether the network switch is working properly."
"365","Normal","Port","NIC 1 (TM280) Port 1 disconnected.","2024-07-19 13:43:38","Asserted","0x29000001","1. Remove and reconnect the network cable.2. Check whether the network cable is securely connected to the network switch.3. Check whether the network switch is working properly."
"364","Normal","Port","NIC 2 (TM280) Port 1 disconnected.","2024-07-19 13:43:06","Deasserted","0x29000002","N/A"
"363","Normal","Port","NIC 1 (TM280) Port 1 disconnected.","2024-07-19 13:43:02","Deasserted","0x29000002","N/A"
"362","Normal","Port","NIC 2 (TM280) Port 1 disconnected.","2024-07-19 13:39:50","Asserted","0x29000001","1. Remove and reconnect the network cable.2. Check whether the network cable is securely connected to the network switch.3. Check whether the network switch is working properly."
"361","Normal","Port","NIC 1 (TM280) Port 1 disconnected.","2024-07-19 13:39:50","Asserted","0x29000001","1. Remove and reconnect the network cable.2. Check whether the network cable is securely connected to the network switch.3. Check whether the network switch is working properly."
"360","Normal","System","The host was restarted due to unrecognized reason.","2024-07-19 13:39:42","Asserted","0x2C00000F",""
"359","Normal","BMC","iBMC security log has reached 90% space capacity.","2024-07-11 10:06:18","Deasserted","0x1A00001E","N/A"
"358","Normal","BMC","iBMC security log has reached 90% space capacity.","2024-07-09 10:10:57","Asserted","0x1A00001D","1. Export the security logs.2. Enable remote syslog dump."
"357","Normal","RAID Card","RAID card 1 BBU is present (SN:033EFTBBL7032377, BN:03024JMY).","2024-07-03 01:18:26","Asserted","0x06000015",""
"356","Normal","RAID Card","RAID card 1 BBU is absent (SN:033EFTBBL7032377, BN:03024JMY).","2024-07-03 01:14:05","Asserted","0x06000013","Install BBU."
"355","Normal","BMC","iBMC security log has reached 90% space capacity.","2024-05-29 17:24:13","Deasserted","0x1A00001E","N/A"
"354","Normal","RAID Card","RAID card 1 BBU is present (SN:033EFTBBL7032377, BN:03024JMY).","2024-05-24 01:37:14","Asserted","0x06000015",""
"353","Normal","RAID Card","RAID card 1 BBU is absent (SN:033EFTBBL7032377, BN:03024JMY).","2024-05-24 01:33:23","Asserted","0x06000013","Install BBU."
"352","Normal","BMC","iBMC security log has reached 90% space capacity.","2024-05-22 02:53:26","Asserted","0x1A00001D","1. Export the security logs.2. Enable remote syslog dump."
"351","Normal","RAID Card","RAID card 1 BBU is present (SN:033EFTBBL7032377, BN:03024JMY).","2024-05-08 12:19:18","Asserted","0x06000015",""
"350","Normal","RAID Card","RAID card 1 BBU is absent (SN:033EFTBBL7032377, BN:03024JMY).","2024-05-08 12:18:07","Asserted","0x06000013","Install BBU."
"349","Normal","RAID Card","RAID card 1 BBU is present (SN:033EFTBBL7032377, BN:03024JMY).","2024-05-07 20:19:30","Asserted","0x06000015",""
"348","Normal","RAID Card","RAID card 1 BBU is absent (SN:033EFTBBL7032377, BN:03024JMY).","2024-05-07 20:18:07","Asserted","0x06000013","Install BBU."
"347","Normal","BMC","iBMC security log has reached 90% space capacity.","2024-04-19 23:54:09","Deasserted","0x1A00001E","N/A"
"346","Normal","BMC","iBMC security log has reached 90% space capacity.","2024-04-19 04:52:27","Asserted","0x1A00001D","1. Export the security logs.2. Enable remote syslog dump."
"345","Normal","BMC","iBMC security log has reached 90% space capacity.","2024-03-22 23:36:16","Deasserted","0x1A00001E","N/A"
"344","Normal","BMC","iBMC security log has reached 90% space capacity.","2024-03-22 07:37:52","Asserted","0x1A00001D","1. Export the security logs.2. Enable remote syslog dump."
"343","Normal","Port","NIC 2 (TM280) Port 1 disconnected.","2024-03-08 02:20:18","Deasserted","0x29000002","N/A"
"342","Normal","Port","NIC 1 (TM280) Port 1 disconnected.","2024-03-08 02:20:18","Deasserted","0x29000002","N/A"
"341","Normal","Port","NIC 1 (TM280) Port 1 disconnected.","2024-03-08 02:17:08","Asserted","0x29000001","1. Remove and reconnect the network cable.2. Check whether the network cable is securely connected to the network switch.3. Check whether the network switch is working properly."
"340","Normal","Port","NIC 2 (TM280) Port 1 disconnected.","2024-03-08 02:17:05","Asserted","0x29000001","1. Remove and reconnect the network cable.2. Check whether the network cable is securely connected to the network switch.3. Check whether the network switch is working properly."
"339","Normal","System","The host was restarted due to unrecognized reason.","2024-03-08 02:16:58","Asserted","0x2C00000F",""
"338","Normal","Port","NIC 2 (TM280) Port 1 disconnected.","2024-03-08 01:13:25","Deasserted","0x29000002","N/A"
"337","Normal","Port","NIC 1 (TM280) Port 1 disconnected.","2024-03-08 01:13:24","Deasserted","0x29000002","N/A"
"336","Normal","Port","NIC 2 (TM280) Port 1 disconnected.","2024-03-08 01:10:14","Asserted","0x29000001","1. Remove and reconnect the network cable.2. Check whether the network cable is securely connected to the network switch.3. Check whether the network switch is working properly."
"335","Normal","Port","NIC 1 (TM280) Port 1 disconnected.","2024-03-08 01:10:14","Asserted","0x29000001","1. Remove and reconnect the network cable.2. Check whether the network cable is securely connected to the network switch.3. Check whether the network switch is working properly."
"334","Normal","System","The host was restarted due to unrecognized reason.","2024-03-08 01:10:05","Asserted","0x2C00000F",""
"333","Normal","Port","NIC 2 (TM280) Port 1 disconnected.","2024-03-07 23:22:34","Deasserted","0x29000002","N/A"
"332","Normal","Port","NIC 1 (TM280) Port 1 disconnected.","2024-03-07 23:22:34","Deasserted","0x29000002","N/A"
"331","Normal","Port","NIC 2 (TM280) Port 1 disconnected.","2024-03-07 23:19:24","Asserted","0x29000001","1. Remove and reconnect the network cable.2. Check whether the network cable is securely connected to the network switch.3. Check whether the network switch is working properly."
"330","Normal","Port","NIC 1 (TM280) Port 1 disconnected.","2024-03-07 23:19:24","Asserted","0x29000001","1. Remove and reconnect the network cable.2. Check whether the network cable is securely connected to the network switch.3. Check whether the network switch is working properly."
"329","Normal","System","The host was restarted due to unrecognized reason.","2024-03-07 23:19:13","Asserted","0x2C00000F",""
"328","Normal","Port","NIC 2 (TM280) Port 1 disconnected.","2024-03-07 21:27:50","Deasserted","0x29000002","N/A"
"327","Normal","Port","NIC 1 (TM280) Port 1 disconnected.","2024-03-07 21:27:50","Deasserted","0x29000002","N/A"
"326","Normal","Port","NIC 2 (TM280) Port 1 disconnected.","2024-03-07 21:24:40","Asserted","0x29000001","1. Remove and reconnect the network cable.2. Check whether the network cable is securely connected to the network switch.3. Check whether the network switch is working properly."
"325","Normal","Port","NIC 1 (TM280) Port 1 disconnected.","2024-03-07 21:24:37","Asserted","0x29000001","1. Remove and reconnect the network cable.2. Check whether the network cable is securely connected to the network switch.3. Check whether the network switch is working properly."
"324","Normal","System","The host was restarted due to unrecognized reason.","2024-03-07 21:24:30","Asserted","0x2C00000F",""
"323","Normal","Port","NIC 1 (TM280) Port 1 disconnected.","2024-03-07 20:35:44","Deasserted","0x29000002","N/A"
"322","Normal","Port","NIC 1 (TM280) Port 1 disconnected.","2024-03-07 20:35:35","Asserted","0x29000001","1. Remove and reconnect the network cable.2. Check whether the network cable is securely connected to the network switch.3. Check whether the network switch is working properly."
"321","Normal","Port","NIC 2 (TM280) Port 1 disconnected.","2024-03-07 20:35:00","Deasserted","0x29000002","N/A"
"320","Normal","Port","NIC 1 (TM280) Port 1 disconnected.","2024-03-07 20:35:00","Deasserted","0x29000002","N/A"
"319","Normal","Port","NIC 2 (TM280) Port 1 disconnected.","2024-03-07 20:31:50","Asserted","0x29000001","1. Remove and reconnect the network cable.2. Check whether the network cable is securely connected to the network switch.3. Check whether the network switch is working properly."
"318","Normal","Port","NIC 1 (TM280) Port 1 disconnected.","2024-03-07 20:31:50","Asserted","0x29000001","1. Remove and reconnect the network cable.2. Check whether the network cable is securely connected to the network switch.3. Check whether the network switch is working properly."
"317","Normal","System","The host was restarted due to unrecognized reason.","2024-03-07 20:31:41","Asserted","0x2C00000F",""
"316","Normal","Port","NIC 2 (TM280) Port 1 disconnected.","2024-03-07 16:08:31","Deasserted","0x29000002","N/A"
"315","Normal","Port","NIC 1 (TM280) Port 1 disconnected.","2024-03-07 16:08:31","Deasserted","0x29000002","N/A"
"314","Normal","Port","NIC 2 (TM280) Port 1 disconnected.","2024-03-07 16:05:18","Asserted","0x29000001","1. Remove and reconnect the network cable.2. Check whether the network cable is securely connected to the network switch.3. Check whether the network switch is working properly."
"313","Normal","Port","NIC 1 (TM280) Port 1 disconnected.","2024-03-07 16:05:18","Asserted","0x29000001","1. Remove and reconnect the network cable.2. Check whether the network cable is securely connected to the network switch.3. Check whether the network switch is working properly."
"312","Normal","System","The host was restarted due to unrecognized reason.","2024-03-07 16:05:09","Asserted","0x2C00000F",""
"311","Normal","Port","NIC 2 (TM280) Port 1 disconnected.","2024-03-07 13:06:43","Deasserted","0x29000002","N/A"
"310","Normal","Port","NIC 1 (TM280) Port 1 disconnected.","2024-03-07 13:06:43","Deasserted","0x29000002","N/A"
"309","Normal","Port","NIC 2 (TM280) Port 1 disconnected.","2024-03-07 13:03:33","Asserted","0x29000001","1. Remove and reconnect the network cable.2. Check whether the network cable is securely connected to the network switch.3. Check whether the network switch is working properly."
"308","Normal","Port","NIC 1 (TM280) Port 1 disconnected.","2024-03-07 13:03:30","Asserted","0x29000001","1. Remove and reconnect the network cable.2. Check whether the network cable is securely connected to the network switch.3. Check whether the network switch is working properly."
"307","Normal","System","The host was restarted due to unrecognized reason.","2024-03-07 13:03:21","Asserted","0x2C00000F",""
"306","Normal","Port","NIC 2 (TM280) Port 1 disconnected.","2024-03-06 07:44:19","Deasserted","0x29000002","N/A"
"305","Normal","Port","NIC 1 (TM280) Port 1 disconnected.","2024-03-06 07:44:19","Deasserted","0x29000002","N/A"
"304","Normal","Port","NIC 2 (TM280) Port 1 disconnected.","2024-03-06 07:41:05","Asserted","0x29000001","1. Remove and reconnect the network cable.2. Check whether the network cable is securely connected to the network switch.3. Check whether the network switch is working properly."
"303","Normal","Port","NIC 1 (TM280) Port 1 disconnected.","2024-03-06 07:41:05","Asserted","0x29000001","1. Remove and reconnect the network cable.2. Check whether the network cable is securely connected to the network switch.3. Check whether the network switch is working properly."
"302","Normal","System","The host was restarted due to unrecognized reason.","2024-03-06 07:40:56","Asserted","0x2C00000F",""
"301","Normal","Port","NIC 2 (TM280) Port 1 disconnected.","2024-03-05 23:42:35","Deasserted","0x29000002","N/A"
"300","Normal","Port","NIC 1 (TM280) Port 1 disconnected.","2024-03-05 23:42:35","Deasserted","0x29000002","N/A"
"299","Normal","Port","NIC 2 (TM280) Port 1 disconnected.","2024-03-05 23:39:23","Asserted","0x29000001","1. Remove and reconnect the network cable.2. Check whether the network cable is securely connected to the network switch.3. Check whether the network switch is working properly."
"298","Normal","Port","NIC 1 (TM280) Port 1 disconnected.","2024-03-05 23:39:23","Asserted","0x29000001","1. Remove and reconnect the network cable.2. Check whether the network cable is securely connected to the network switch.3. Check whether the network switch is working properly."
"297","Normal","System","The host was restarted due to unrecognized reason.","2024-03-05 23:39:15","Asserted","0x2C00000F",""
"296","Normal","Port","NIC 2 (TM280) Port 1 disconnected.","2024-03-05 09:15:12","Deasserted","0x29000002","N/A"
"295","Normal","Port","NIC 1 (TM280) Port 1 disconnected.","2024-03-05 09:15:08","Deasserted","0x29000002","N/A"
"294","Normal","Port","NIC 1 (TM280) Port 1 disconnected.","2024-03-05 09:12:01","Asserted","0x29000001","1. Remove and reconnect the network cable.2. Check whether the network cable is securely connected to the network switch.3. Check whether the network switch is working properly."
"293","Normal","Port","NIC 2 (TM280) Port 1 disconnected.","2024-03-05 09:11:58","Asserted","0x29000001","1. Remove and reconnect the network cable.2. Check whether the network cable is securely connected to the network switch.3. Check whether the network switch is working properly."
"292","Normal","System","The host was restarted due to unrecognized reason.","2024-03-05 09:11:49","Asserted","0x2C00000F",""
"291","Normal","Port","NIC 2 (TM280) Port 1 disconnected.","2024-03-01 04:09:52","Deasserted","0x29000002","N/A"
"290","Normal","Port","NIC 1 (TM280) Port 1 disconnected.","2024-03-01 04:09:51","Deasserted","0x29000002","N/A"
"289","Normal","Port","NIC 2 (TM280) Port 1 disconnected.","2024-03-01 04:06:43","Asserted","0x29000001","1. Remove and reconnect the network cable.2. Check whether the network cable is securely connected to the network switch.3. Check whether the network switch is working properly."
"288","Normal","Port","NIC 1 (TM280) Port 1 disconnected.","2024-03-01 04:06:42","Asserted","0x29000001","1. Remove and reconnect the network cable.2. Check whether the network cable is securely connected to the network switch.3. Check whether the network switch is working properly."
"287","Normal","System","The host was restarted due to unrecognized reason.","2024-03-01 04:06:32","Asserted","0x2C00000F",""
"286","Normal","Port","NIC 2 (TM280) Port 1 disconnected.","2024-02-29 23:55:28","Deasserted","0x29000002","N/A"
"285","Normal","Port","NIC 1 (TM280) Port 1 disconnected.","2024-02-29 23:55:28","Deasserted","0x29000002","N/A"
"284","Normal","Port","NIC 2 (TM280) Port 1 disconnected.","2024-02-29 23:52:19","Asserted","0x29000001","1. Remove and reconnect the network cable.2. Check whether the network cable is securely connected to the network switch.3. Check whether the network switch is working properly."
"283","Normal","Port","NIC 1 (TM280) Port 1 disconnected.","2024-02-29 23:52:19","Asserted","0x29000001","1. Remove and reconnect the network cable.2. Check whether the network cable is securely connected to the network switch.3. Check whether the network switch is working properly."
"282","Normal","System","The host was restarted due to unrecognized reason.","2024-02-29 23:52:07","Asserted","0x2C00000F",""
"281","Normal","Port","NIC 2 (TM280) Port 1 disconnected.","2024-02-22 05:18:00","Deasserted","0x29000002","N/A"
"280","Normal","Port","NIC 2 (TM280) Port 1 disconnected.","2024-02-22 05:17:50","Asserted","0x29000001","1. Remove and reconnect the network cable.2. Check whether the network cable is securely connected to the network switch.3. Check whether the network switch is working properly."
"279","Normal","Port","NIC 2 (TM280) Port 1 disconnected.","2024-02-22 05:17:19","Deasserted","0x29000002","N/A"
"278","Normal","Port","NIC 1 (TM280) Port 1 disconnected.","2024-02-22 05:17:16","Deasserted","0x29000002","N/A"
"277","Normal","Port","NIC 2 (TM280) Port 1 disconnected.","2024-02-22 05:14:10","Asserted","0x29000001","1. Remove and reconnect the network cable.2. Check whether the network cable is securely connected to the network switch.3. Check whether the network switch is working properly."
"276","Normal","Port","NIC 1 (TM280) Port 1 disconnected.","2024-02-22 05:14:09","Asserted","0x29000001","1. Remove and reconnect the network cable.2. Check whether the network cable is securely connected to the network switch.3. Check whether the network switch is working properly."
"275","Normal","System","The host was restarted due to unrecognized reason.","2024-02-22 05:13:57","Asserted","0x2C00000F",""
"274","Normal","RAID Card","RAID card 1 BBU is present (SN:033EFTBBL7032377, BN:03024JMY).","2024-02-20 18:40:24","Asserted","0x06000015",""
"273","Normal","RAID Card","RAID card 1 BBU is absent (SN:033EFTBBL7032377, BN:03024JMY).","2024-02-20 18:38:02","Asserted","0x06000013","Install BBU."
"272","Normal","Port","NIC 2 (TM280) Port 1 disconnected.","2024-02-20 00:36:11","Deasserted","0x29000002","N/A"
"271","Normal","Port","NIC 1 (TM280) Port 1 disconnected.","2024-02-20 00:36:08","Deasserted","0x29000002","N/A"
"270","Normal","Port","NIC 1 (TM280) Port 1 disconnected.","2024-02-20 00:33:01","Asserted","0x29000001","1. Remove and reconnect the network cable.2. Check whether the network cable is securely connected to the network switch.3. Check whether the network switch is working properly."
"269","Normal","Port","NIC 2 (TM280) Port 1 disconnected.","2024-02-20 00:32:58","Asserted","0x29000001","1. Remove and reconnect the network cable.2. Check whether the network cable is securely connected to the network switch.3. Check whether the network switch is working properly."
"268","Normal","System","The host was restarted due to unrecognized reason.","2024-02-20 00:32:49","Asserted","0x2C00000F",""
"267","Normal","Port","NIC 2 (TM280) Port 1 disconnected.","2024-02-17 18:00:32","Deasserted","0x29000002","N/A"
"266","Normal","Port","NIC 1 (TM280) Port 1 disconnected.","2024-02-17 18:00:32","Deasserted","0x29000002","N/A"
"265","Normal","Port","NIC 2 (TM280) Port 1 disconnected.","2024-02-17 17:57:19","Asserted","0x29000001","1. Remove and reconnect the network cable.2. Check whether the network cable is securely connected to the network switch.3. Check whether the network switch is working properly."
"264","Normal","Port","NIC 1 (TM280) Port 1 disconnected.","2024-02-17 17:57:18","Asserted","0x29000001","1. Remove and reconnect the network cable.2. Check whether the network cable is securely connected to the network switch.3. Check whether the network switch is working properly."
"263","Normal","System","The host was restarted due to unrecognized reason.","2024-02-17 17:57:11","Asserted","0x2C00000F",""
"262","Normal","Port","NIC 2 (TM280) Port 1 disconnected.","2024-02-16 01:40:45","Deasserted","0x29000002","N/A"
"261","Normal","Port","NIC 1 (TM280) Port 1 disconnected.","2024-02-16 01:40:42","Deasserted","0x29000002","N/A"
"260","Normal","Port","NIC 2 (TM280) Port 1 disconnected.","2024-02-16 01:37:32","Asserted","0x29000001","1. Remove and reconnect the network cable.2. Check whether the network cable is securely connected to the network switch.3. Check whether the network switch is working properly."
"259","Normal","Port","NIC 1 (TM280) Port 1 disconnected.","2024-02-16 01:37:32","Asserted","0x29000001","1. Remove and reconnect the network cable.2. Check whether the network cable is securely connected to the network switch.3. Check whether the network switch is working properly."
"258","Normal","System","The host was restarted due to unrecognized reason.","2024-02-16 01:37:23","Asserted","0x2C00000F",""
"257","Normal","Port","NIC 2 (TM280) Port 1 disconnected.","2024-02-11 11:06:04","Deasserted","0x29000002","N/A"
"256","Normal","Port","NIC 1 (TM280) Port 1 disconnected.","2024-02-11 11:06:00","Deasserted","0x29000002","N/A"
"255","Normal","Port","NIC 2 (TM280) Port 1 disconnected.","2024-02-11 11:02:54","Asserted","0x29000001","1. Remove and reconnect the network cable.2. Check whether the network cable is securely connected to the network switch.3. Check whether the network switch is working properly."
"254","Normal","Port","NIC 1 (TM280) Port 1 disconnected.","2024-02-11 11:02:54","Asserted","0x29000001","1. Remove and reconnect the network cable.2. Check whether the network cable is securely connected to the network switch.3. Check whether the network switch is working properly."
"253","Normal","System","The host was restarted due to unrecognized reason.","2024-02-11 11:02:43","Asserted","0x2C00000F",""
"252","Normal","Port","NIC 2 (TM280) Port 1 disconnected.","2024-02-11 03:20:48","Deasserted","0x29000002","N/A"
"251","Normal","Port","NIC 1 (TM280) Port 1 disconnected.","2024-02-11 03:20:44","Deasserted","0x29000002","N/A"
"250","Normal","Port","NIC 2 (TM280) Port 1 disconnected.","2024-02-11 03:17:35","Asserted","0x29000001","1. Remove and reconnect the network cable.2. Check whether the network cable is securely connected to the network switch.3. Check whether the network switch is working properly."
"249","Normal","Port","NIC 1 (TM280) Port 1 disconnected.","2024-02-11 03:17:35","Asserted","0x29000001","1. Remove and reconnect the network cable.2. Check whether the network cable is securely connected to the network switch.3. Check whether the network switch is working properly."
"248","Normal","System","The host was restarted due to unrecognized reason.","2024-02-11 03:17:25","Asserted","0x2C00000F",""
"247","Normal","Port","NIC 2 (TM280) Port 1 disconnected.","2024-02-08 06:41:04","Deasserted","0x29000002","N/A"
"246","Normal","Port","NIC 1 (TM280) Port 1 disconnected.","2024-02-08 06:41:03","Deasserted","0x29000002","N/A"
"245","Normal","Port","NIC 2 (TM280) Port 1 disconnected.","2024-02-08 06:37:53","Asserted","0x29000001","1. Remove and reconnect the network cable.2. Check whether the network cable is securely connected to the network switch.3. Check whether the network switch is working properly."
"244","Normal","Port","NIC 1 (TM280) Port 1 disconnected.","2024-02-08 06:37:50","Asserted","0x29000001","1. Remove and reconnect the network cable.2. Check whether the network cable is securely connected to the network switch.3. Check whether the network switch is working properly."
"243","Normal","System","The host was restarted due to unrecognized reason.","2024-02-08 06:37:41","Asserted","0x2C00000F",""
"242","Normal","Port","NIC 2 (TM280) Port 1 disconnected.","2024-02-08 06:06:31","Deasserted","0x29000002","N/A"
"241","Normal","Port","NIC 1 (TM280) Port 1 disconnected.","2024-02-08 06:06:31","Deasserted","0x29000002","N/A"
"240","Normal","Port","NIC 2 (TM280) Port 1 disconnected.","2024-02-08 06:03:21","Asserted","0x29000001","1. Remove and reconnect the network cable.2. Check whether the network cable is securely connected to the network switch.3. Check whether the network switch is working properly."
"239","Normal","Port","NIC 1 (TM280) Port 1 disconnected.","2024-02-08 06:03:17","Asserted","0x29000001","1. Remove and reconnect the network cable.2. Check whether the network cable is securely connected to the network switch.3. Check whether the network switch is working properly."
"238","Normal","System","The host was restarted due to unrecognized reason.","2024-02-08 06:03:09","Asserted","0x2C00000F",""
"237","Normal","Port","NIC 2 (TM280) Port 1 disconnected.","2024-02-06 00:53:23","Deasserted","0x29000002","N/A"
"236","Normal","Port","NIC 1 (TM280) Port 1 disconnected.","2024-02-06 00:53:19","Deasserted","0x29000002","N/A"
"235","Normal","Port","NIC 2 (TM280) Port 1 disconnected.","2024-02-06 00:50:10","Asserted","0x29000001","1. Remove and reconnect the network cable.2. Check whether the network cable is securely connected to the network switch.3. Check whether the network switch is working properly."
"234","Normal","Port","NIC 1 (TM280) Port 1 disconnected.","2024-02-06 00:50:10","Asserted","0x29000001","1. Remove and reconnect the network cable.2. Check whether the network cable is securely connected to the network switch.3. Check whether the network switch is working properly."
"233","Normal","System","The host was restarted due to unrecognized reason.","2024-02-06 00:50:00","Asserted","0x2C00000F",""
"232","Normal","RAID Card","RAID card 1 BBU is present (SN:033EFTBBL7032377, BN:03024JMY).","2024-02-03 11:30:32","Asserted","0x06000015",""
"231","Normal","RAID Card","RAID card 1 BBU is absent (SN:033EFTBBL7032377, BN:03024JMY).","2024-02-03 11:26:09","Asserted","0x06000013","Install BBU."
"230","Normal","RAID Card","RAID card 1 BBU is present (SN:033EFTBBL7032377, BN:03024JMY).","2024-02-03 11:00:21","Asserted","0x06000015",""
"229","Normal","RAID Card","RAID card 1 BBU is absent (SN:033EFTBBL7032377, BN:03024JMY).","2024-02-03 10:56:09","Asserted","0x06000013","Install BBU."
"228","Normal","BMC","iBMC security log has reached 90% space capacity.","2024-02-02 18:00:15","Deasserted","0x1A00001E","N/A"
"227","Normal","Port","NIC 2 (TM280) Port 1 disconnected.","2024-02-02 09:54:15","Deasserted","0x29000002","N/A"
"226","Normal","Port","NIC 1 (TM280) Port 1 disconnected.","2024-02-02 09:54:15","Deasserted","0x29000002","N/A"
"225","Normal","Port","NIC 2 (TM280) Port 1 disconnected.","2024-02-02 09:51:05","Asserted","0x29000001","1. Remove and reconnect the network cable.2. Check whether the network cable is securely connected to the network switch.3. Check whether the network switch is working properly."
"224","Normal","Port","NIC 1 (TM280) Port 1 disconnected.","2024-02-02 09:51:05","Asserted","0x29000001","1. Remove and reconnect the network cable.2. Check whether the network cable is securely connected to the network switch.3. Check whether the network switch is working properly."
"223","Normal","System","The host was restarted due to unrecognized reason.","2024-02-02 09:50:55","Asserted","0x2C00000F",""
"222","Normal","BMC","iBMC security log has reached 90% space capacity.","2024-01-27 20:02:16","Asserted","0x1A00001D","1. Export the security logs.2. Enable remote syslog dump."
"221","Normal","Port","NIC 2 (TM280) Port 1 disconnected.","2024-01-25 01:52:47","Deasserted","0x29000002","N/A"
"220","Normal","Port","NIC 1 (TM280) Port 1 disconnected.","2024-01-25 01:52:47","Deasserted","0x29000002","N/A"
"219","Normal","Port","NIC 1 (TM280) Port 1 disconnected.","2024-01-25 01:49:35","Asserted","0x29000001","1. Remove and reconnect the network cable.2. Check whether the network cable is securely connected to the network switch.3. Check whether the network switch is working properly."
"218","Normal","Port","NIC 2 (TM280) Port 1 disconnected.","2024-01-25 01:49:32","Asserted","0x29000001","1. Remove and reconnect the network cable.2. Check whether the network cable is securely connected to the network switch.3. Check whether the network switch is working properly."
"217","Normal","System","The host was restarted due to unrecognized reason.","2024-01-25 01:49:27","Asserted","0x2C00000F",""
"216","Normal","Port","NIC 2 (TM280) Port 1 disconnected.","2024-01-24 12:14:56","Deasserted","0x29000002","N/A"
"215","Normal","Port","NIC 1 (TM280) Port 1 disconnected.","2024-01-24 12:14:55","Deasserted","0x29000002","N/A"
"214","Normal","Port","NIC 1 (TM280) Port 1 disconnected.","2024-01-24 12:11:42","Asserted","0x29000001","1. Remove and reconnect the network cable.2. Check whether the network cable is securely connected to the network switch.3. Check whether the network switch is working properly."
"213","Normal","Port","NIC 2 (TM280) Port 1 disconnected.","2024-01-24 12:11:39","Asserted","0x29000001","1. Remove and reconnect the network cable.2. Check whether the network cable is securely connected to the network switch.3. Check whether the network switch is working properly."
"212","Normal","System","The host was restarted due to unrecognized reason.","2024-01-24 12:11:35","Asserted","0x2C00000F",""
"211","Normal","RAID Card","RAID card 1 BBU is present (SN:033EFTBBL7032377, BN:03024JMY).","2024-01-02 17:57:50","Asserted","0x06000015",""
"210","Normal","RAID Card","RAID card 1 BBU is absent (SN:033EFTBBL7032377, BN:03024JMY).","2024-01-02 17:53:42","Asserted","0x06000013","Install BBU."
"209","Normal","RAID Card","RAID card 1 BBU is present (SN:033EFTBBL7032377, BN:03024JMY).","2024-01-02 10:27:48","Asserted","0x06000015",""
"208","Normal","RAID Card","RAID card 1 BBU is absent (SN:033EFTBBL7032377, BN:03024JMY).","2024-01-02 10:23:42","Asserted","0x06000013","Install BBU."
"207","Normal","BMC","iBMC security log has reached 90% space capacity.","2023-12-07 06:24:09","Deasserted","0x1A00001E","N/A"
"206","Normal","BMC","iBMC security log has reached 90% space capacity.","2023-12-01 22:59:13","Asserted","0x1A00001D","1. Export the security logs.2. Enable remote syslog dump."
"205","Normal","RAID Card","RAID card 1 BBU is present (SN:033EFTBBL7032377, BN:03024JMY).","2023-11-27 05:57:04","Asserted","0x06000015",""
"204","Normal","RAID Card","RAID card 1 BBU is absent (SN:033EFTBBL7032377, BN:03024JMY).","2023-11-27 05:53:08","Asserted","0x06000013","Install BBU."
"203","Normal","BMC","iBMC security log has reached 90% space capacity.","2023-10-30 03:06:08","Deasserted","0x1A00001E","N/A"
"202","Normal","BMC","iBMC security log has reached 90% space capacity.","2023-10-28 11:30:50","Asserted","0x1A00001D","1. Export the security logs.2. Enable remote syslog dump."
"201","Normal","Port","NIC 2 (TM280) Port 1 disconnected.","2023-10-25 18:25:47","Deasserted","0x29000002","N/A"
"200","Normal","Port","NIC 1 (TM280) Port 1 disconnected.","2023-10-25 18:25:47","Deasserted","0x29000002","N/A"
"199","Normal","Port","NIC 2 (TM280) Port 1 disconnected.","2023-10-25 18:22:38","Asserted","0x29000001","1. Remove and reconnect the network cable.2. Check whether the network cable is securely connected to the network switch.3. Check whether the network switch is working properly."
"198","Normal","Port","NIC 1 (TM280) Port 1 disconnected.","2023-10-25 18:22:38","Asserted","0x29000001","1. Remove and reconnect the network cable.2. Check whether the network cable is securely connected to the network switch.3. Check whether the network switch is working properly."
"197","Normal","System","The host was restarted due to unrecognized reason.","2023-10-25 18:22:28","Asserted","0x2C00000F",""
"196","Normal","Port","NIC 2 (TM280) Port 1 disconnected.","2023-10-25 18:14:54","Deasserted","0x29000002","N/A"
"195","Normal","Port","NIC 2 (TM280) Port 1 disconnected.","2023-10-25 18:14:44","Asserted","0x29000001","1. Remove and reconnect the network cable.2. Check whether the network cable is securely connected to the network switch.3. Check whether the network switch is working properly."
"194","Normal","Port","NIC 2 (TM280) Port 1 disconnected.","2023-10-25 18:14:12","Deasserted","0x29000002","N/A"
"193","Normal","Port","NIC 1 (TM280) Port 1 disconnected.","2023-10-25 18:14:12","Deasserted","0x29000002","N/A"
"192","Normal","Port","NIC 1 (TM280) Port 1 disconnected.","2023-10-25 18:11:02","Asserted","0x29000001","1. Remove and reconnect the network cable.2. Check whether the network cable is securely connected to the network switch.3. Check whether the network switch is working properly."
"191","Normal","Port","NIC 2 (TM280) Port 1 disconnected.","2023-10-25 18:10:59","Asserted","0x29000001","1. Remove and reconnect the network cable.2. Check whether the network cable is securely connected to the network switch.3. Check whether the network switch is working properly."
"190","Normal","System","The host was restarted due to unrecognized reason.","2023-10-25 18:10:50","Asserted","0x2C00000F",""
"189","Normal","Port","NIC 2 (TM280) Port 1 disconnected.","2023-10-25 18:02:34","Deasserted","0x29000002","N/A"
"188","Normal","Port","NIC 1 (TM280) Port 1 disconnected.","2023-10-25 18:02:31","Deasserted","0x29000002","N/A"
"187","Normal","Port","NIC 2 (TM280) Port 1 disconnected.","2023-10-25 17:59:21","Asserted","0x29000001","1. Remove and reconnect the network cable.2. Check whether the network cable is securely connected to the network switch.3. Check whether the network switch is working properly."
"186","Normal","Port","NIC 1 (TM280) Port 1 disconnected.","2023-10-25 17:59:21","Asserted","0x29000001","1. Remove and reconnect the network cable.2. Check whether the network cable is securely connected to the network switch.3. Check whether the network switch is working properly."
"185","Normal","System","The host was restarted due to unrecognized reason.","2023-10-25 17:59:11","Asserted","0x2C00000F",""
"184","Normal","Port","NIC 2 (TM280) Port 1 disconnected.","2023-10-25 17:40:10","Deasserted","0x29000002","N/A"
"183","Normal","Port","NIC 1 (TM280) Port 1 disconnected.","2023-10-25 17:40:10","Deasserted","0x29000002","N/A"
"182","Normal","Port","NIC 2 (TM280) Port 1 disconnected.","2023-10-25 17:37:01","Asserted","0x29000001","1. Remove and reconnect the network cable.2. Check whether the network cable is securely connected to the network switch.3. Check whether the network switch is working properly."
"181","Normal","Port","NIC 1 (TM280) Port 1 disconnected.","2023-10-25 17:36:57","Asserted","0x29000001","1. Remove and reconnect the network cable.2. Check whether the network cable is securely connected to the network switch.3. Check whether the network switch is working properly."
"180","Normal","System","The host was restarted due to unrecognized reason.","2023-10-25 17:36:49","Asserted","0x2C00000F",""
"179","Normal","Port","NIC 2 (TM280) Port 1 disconnected.","2023-10-25 17:22:25","Deasserted","0x29000002","N/A"
"178","Normal","Port","NIC 1 (TM280) Port 1 disconnected.","2023-10-25 17:22:25","Deasserted","0x29000002","N/A"
"177","Normal","Port","NIC 1 (TM280) Port 1 disconnected.","2023-10-25 17:19:15","Asserted","0x29000001","1. Remove and reconnect the network cable.2. Check whether the network cable is securely connected to the network switch.3. Check whether the network switch is working properly."
"176","Normal","Port","NIC 2 (TM280) Port 1 disconnected.","2023-10-25 17:19:13","Asserted","0x29000001","1. Remove and reconnect the network cable.2. Check whether the network cable is securely connected to the network switch.3. Check whether the network switch is working properly."
"175","Normal","System","The host was restarted due to unrecognized reason.","2023-10-25 17:19:05","Asserted","0x2C00000F",""
"174","Normal","Port","NIC 2 (TM280) Port 1 disconnected.","2023-10-25 17:05:16","Deasserted","0x29000002","N/A"
"173","Normal","Port","NIC 2 (TM280) Port 1 disconnected.","2023-10-25 17:05:06","Asserted","0x29000001","1. Remove and reconnect the network cable.2. Check whether the network cable is securely connected to the network switch.3. Check whether the network switch is working properly."
"172","Normal","Port","NIC 2 (TM280) Port 1 disconnected.","2023-10-25 17:04:31","Deasserted","0x29000002","N/A"
"171","Normal","Port","NIC 1 (TM280) Port 1 disconnected.","2023-10-25 17:04:31","Deasserted","0x29000002","N/A"
"170","Normal","Port","NIC 2 (TM280) Port 1 disconnected.","2023-10-25 17:01:22","Asserted","0x29000001","1. Remove and reconnect the network cable.2. Check whether the network cable is securely connected to the network switch.3. Check whether the network switch is working properly."
"169","Normal","Port","NIC 1 (TM280) Port 1 disconnected.","2023-10-25 17:01:22","Asserted","0x29000001","1. Remove and reconnect the network cable.2. Check whether the network cable is securely connected to the network switch.3. Check whether the network switch is working properly."
"168","Normal","System","The host was restarted due to unrecognized reason.","2023-10-25 17:01:12","Asserted","0x2C00000F",""
"167","Normal","Port","NIC 2 (TM280) Port 1 disconnected.","2023-10-25 16:46:41","Deasserted","0x29000002","N/A"
"166","Normal","Port","NIC 1 (TM280) Port 1 disconnected.","2023-10-25 16:46:40","Deasserted","0x29000002","N/A"
"165","Normal","Port","NIC 2 (TM280) Port 1 disconnected.","2023-10-25 16:43:31","Asserted","0x29000001","1. Remove and reconnect the network cable.2. Check whether the network cable is securely connected to the network switch.3. Check whether the network switch is working properly."
"164","Normal","Port","NIC 1 (TM280) Port 1 disconnected.","2023-10-25 16:43:31","Asserted","0x29000001","1. Remove and reconnect the network cable.2. Check whether the network cable is securely connected to the network switch.3. Check whether the network switch is working properly."
"163","Normal","System","The host was restarted due to unrecognized reason.","2023-10-25 16:43:21","Asserted","0x2C00000F",""
"162","Normal","Port","NIC 2 (TM280) Port 1 disconnected.","2023-10-25 16:26:56","Deasserted","0x29000002","N/A"
"161","Normal","Port","NIC 1 (TM280) Port 1 disconnected.","2023-10-25 16:26:53","Deasserted","0x29000002","N/A"
"160","Normal","Port","NIC 2 (TM280) Port 1 disconnected.","2023-10-25 16:23:46","Asserted","0x29000001","1. Remove and reconnect the network cable.2. Check whether the network cable is securely connected to the network switch.3. Check whether the network switch is working properly."
"159","Normal","Port","NIC 1 (TM280) Port 1 disconnected.","2023-10-25 16:23:46","Asserted","0x29000001","1. Remove and reconnect the network cable.2. Check whether the network cable is securely connected to the network switch.3. Check whether the network switch is working properly."
"158","Normal","System","The host was restarted due to unrecognized reason.","2023-10-25 16:23:34","Asserted","0x2C00000F",""
"157","Normal","Port","NIC 2 (TM280) Port 1 disconnected.","2023-10-25 16:06:33","Deasserted","0x29000002","N/A"
"156","Normal","Port","NIC 1 (TM280) Port 1 disconnected.","2023-10-25 16:06:33","Deasserted","0x29000002","N/A"
"155","Normal","Port","NIC 2 (TM280) Port 1 disconnected.","2023-10-25 16:03:20","Asserted","0x29000001","1. Remove and reconnect the network cable.2. Check whether the network cable is securely connected to the network switch.3. Check whether the network switch is working properly."
"154","Normal","Port","NIC 1 (TM280) Port 1 disconnected.","2023-10-25 16:03:20","Asserted","0x29000001","1. Remove and reconnect the network cable.2. Check whether the network cable is securely connected to the network switch.3. Check whether the network switch is working properly."
"153","Normal","System","The host was restarted due to unrecognized reason.","2023-10-25 16:03:12","Asserted","0x2C00000F",""
"152","Normal","Port","NIC 2 (TM280) Port 1 disconnected.","2023-10-25 15:47:28","Deasserted","0x29000002","N/A"
"151","Normal","Port","NIC 2 (TM280) Port 1 disconnected.","2023-10-25 15:47:19","Asserted","0x29000001","1. Remove and reconnect the network cable.2. Check whether the network cable is securely connected to the network switch.3. Check whether the network switch is working properly."
"150","Normal","Port","NIC 2 (TM280) Port 1 disconnected.","2023-10-25 15:46:48","Deasserted","0x29000002","N/A"
"149","Normal","Port","NIC 1 (TM280) Port 1 disconnected.","2023-10-25 15:46:44","Deasserted","0x29000002","N/A"
"148","Normal","Port","NIC 1 (TM280) Port 1 disconnected.","2023-10-25 15:43:38","Asserted","0x29000001","1. Remove and reconnect the network cable.2. Check whether the network cable is securely connected to the network switch.3. Check whether the network switch is working properly."
"147","Normal","Port","NIC 2 (TM280) Port 1 disconnected.","2023-10-25 15:43:35","Asserted","0x29000001","1. Remove and reconnect the network cable.2. Check whether the network cable is securely connected to the network switch.3. Check whether the network switch is working properly."
"146","Normal","System","The host was restarted due to unrecognized reason.","2023-10-25 15:43:25","Asserted","0x2C00000F",""
"145","Normal","Port","NIC 2 (TM280) Port 1 disconnected.","2023-10-25 15:26:23","Deasserted","0x29000002","N/A"
"144","Normal","Port","NIC 1 (TM280) Port 1 disconnected.","2023-10-25 15:26:23","Deasserted","0x29000002","N/A"
"143","Normal","Port","NIC 2 (TM280) Port 1 disconnected.","2023-10-25 15:23:14","Asserted","0x29000001","1. Remove and reconnect the network cable.2. Check whether the network cable is securely connected to the network switch.3. Check whether the network switch is working properly."
"142","Normal","Port","NIC 1 (TM280) Port 1 disconnected.","2023-10-25 15:23:14","Asserted","0x29000001","1. Remove and reconnect the network cable.2. Check whether the network cable is securely connected to the network switch.3. Check whether the network switch is working properly."
"141","Normal","System","The host was restarted due to unrecognized reason.","2023-10-25 15:23:04","Asserted","0x2C00000F",""
"140","Normal","Port","NIC 2 (TM280) Port 1 disconnected.","2023-10-25 15:07:22","Deasserted","0x29000002","N/A"
"139","Normal","Port","NIC 2 (TM280) Port 1 disconnected.","2023-10-25 15:07:12","Asserted","0x29000001","1. Remove and reconnect the network cable.2. Check whether the network cable is securely connected to the network switch.3. Check whether the network switch is working properly."
"138","Normal","Port","NIC 2 (TM280) Port 1 disconnected.","2023-10-25 15:06:38","Deasserted","0x29000002","N/A"
"137","Normal","Port","NIC 1 (TM280) Port 1 disconnected.","2023-10-25 15:06:38","Deasserted","0x29000002","N/A"
"136","Normal","Port","NIC 2 (TM280) Port 1 disconnected.","2023-10-25 15:03:28","Asserted","0x29000001","1. Remove and reconnect the network cable.2. Check whether the network cable is securely connected to the network switch.3. Check whether the network switch is working properly."
"135","Normal","Port","NIC 1 (TM280) Port 1 disconnected.","2023-10-25 15:03:28","Asserted","0x29000001","1. Remove and reconnect the network cable.2. Check whether the network cable is securely connected to the network switch.3. Check whether the network switch is working properly."
"134","Normal","System","The host was restarted due to unrecognized reason.","2023-10-25 15:03:18","Asserted","0x2C00000F",""
"133","Normal","Port","NIC 2 (TM280) Port 1 disconnected.","2023-10-25 14:46:52","Deasserted","0x29000002","N/A"
"132","Normal","Port","NIC 1 (TM280) Port 1 disconnected.","2023-10-25 14:46:52","Deasserted","0x29000002","N/A"
"131","Normal","Port","NIC 2 (TM280) Port 1 disconnected.","2023-10-25 14:43:39","Asserted","0x29000001","1. Remove and reconnect the network cable.2. Check whether the network cable is securely connected to the network switch.3. Check whether the network switch is working properly."
"130","Normal","Port","NIC 1 (TM280) Port 1 disconnected.","2023-10-25 14:43:39","Asserted","0x29000001","1. Remove and reconnect the network cable.2. Check whether the network cable is securely connected to the network switch.3. Check whether the network switch is working properly."
"129","Normal","System","The host was restarted due to unrecognized reason.","2023-10-25 14:43:31","Asserted","0x2C00000F",""
"128","Normal","Port","NIC 2 (TM280) Port 1 disconnected.","2023-10-25 14:23:03","Deasserted","0x29000002","N/A"
"127","Normal","Port","NIC 1 (TM280) Port 1 disconnected.","2023-10-25 14:23:03","Deasserted","0x29000002","N/A"
"126","Normal","Port","NIC 2 (TM280) Port 1 disconnected.","2023-10-25 14:19:53","Asserted","0x29000001","1. Remove and reconnect the network cable.2. Check whether the network cable is securely connected to the network switch.3. Check whether the network switch is working properly."
"125","Normal","Port","NIC 1 (TM280) Port 1 disconnected.","2023-10-25 14:19:53","Asserted","0x29000001","1. Remove and reconnect the network cable.2. Check whether the network cable is securely connected to the network switch.3. Check whether the network switch is working properly."
"124","Normal","System","The host was restarted due to unrecognized reason.","2023-10-25 14:19:43","Asserted","0x2C00000F",""
"123","Normal","Port","NIC 2 (TM280) Port 1 disconnected.","2023-10-25 14:01:14","Deasserted","0x29000002","N/A"
"122","Normal","Port","NIC 1 (TM280) Port 1 disconnected.","2023-10-25 14:01:14","Deasserted","0x29000002","N/A"
"121","Normal","Port","NIC 2 (TM280) Port 1 disconnected.","2023-10-25 13:58:05","Asserted","0x29000001","1. Remove and reconnect the network cable.2. Check whether the network cable is securely connected to the network switch.3. Check whether the network switch is working properly."
"120","Normal","Port","NIC 1 (TM280) Port 1 disconnected.","2023-10-25 13:58:04","Asserted","0x29000001","1. Remove and reconnect the network cable.2. Check whether the network cable is securely connected to the network switch.3. Check whether the network switch is working properly."
"119","Normal","System","The host was restarted due to unrecognized reason.","2023-10-25 13:57:54","Asserted","0x2C00000F",""
"118","Normal","Port","NIC 2 (TM280) Port 1 disconnected.","2023-10-25 13:35:18","Deasserted","0x29000002","N/A"
"117","Normal","Port","NIC 1 (TM280) Port 1 disconnected.","2023-10-25 13:35:18","Deasserted","0x29000002","N/A"
"116","Normal","Port","NIC 2 (TM280) Port 1 disconnected.","2023-10-25 13:32:09","Asserted","0x29000001","1. Remove and reconnect the network cable.2. Check whether the network cable is securely connected to the network switch.3. Check whether the network switch is working properly."
"115","Normal","Port","NIC 1 (TM280) Port 1 disconnected.","2023-10-25 13:32:06","Asserted","0x29000001","1. Remove and reconnect the network cable.2. Check whether the network cable is securely connected to the network switch.3. Check whether the network switch is working properly."
"114","Normal","System","The host was restarted due to unrecognized reason.","2023-10-25 13:31:57","Asserted","0x2C00000F",""
"113","Normal","Port","NIC 2 (TM280) Port 1 disconnected.","2023-10-25 13:15:25","Deasserted","0x29000002","N/A"
"112","Normal","Port","NIC 1 (TM280) Port 1 disconnected.","2023-10-25 13:15:25","Deasserted","0x29000002","N/A"
"111","Normal","Port","NIC 2 (TM280) Port 1 disconnected.","2023-10-25 13:12:15","Asserted","0x29000001","1. Remove and reconnect the network cable.2. Check whether the network cable is securely connected to the network switch.3. Check whether the network switch is working properly."
"110","Normal","Port","NIC 1 (TM280) Port 1 disconnected.","2023-10-25 13:12:12","Asserted","0x29000001","1. Remove and reconnect the network cable.2. Check whether the network cable is securely connected to the network switch.3. Check whether the network switch is working properly."
"109","Normal","System","The host was restarted due to unrecognized reason.","2023-10-25 13:12:04","Asserted","0x2C00000F",""
"108","Normal","Port","NIC 2 (TM280) Port 1 disconnected.","2023-10-25 12:40:10","Deasserted","0x29000002","N/A"
"107","Normal","Port","NIC 2 (TM280) Port 1 disconnected.","2023-10-25 12:40:01","Asserted","0x29000001","1. Remove and reconnect the network cable.2. Check whether the network cable is securely connected to the network switch.3. Check whether the network switch is working properly."
"106","Normal","Port","NIC 2 (TM280) Port 1 disconnected.","2023-10-25 12:39:29","Deasserted","0x29000002","N/A"
"105","Normal","Port","NIC 1 (TM280) Port 1 disconnected.","2023-10-25 12:39:26","Deasserted","0x29000002","N/A"
"104","Normal","Port","NIC 2 (TM280) Port 1 disconnected.","2023-10-25 12:36:17","Asserted","0x29000001","1. Remove and reconnect the network cable.2. Check whether the network cable is securely connected to the network switch.3. Check whether the network switch is working properly."
"103","Normal","Port","NIC 1 (TM280) Port 1 disconnected.","2023-10-25 12:36:16","Asserted","0x29000001","1. Remove and reconnect the network cable.2. Check whether the network cable is securely connected to the network switch.3. Check whether the network switch is working properly."
"102","Normal","System","The host was restarted due to unrecognized reason.","2023-10-25 12:36:07","Asserted","0x2C00000F",""
"101","Normal","Port","NIC 2 (TM280) Port 1 disconnected.","2023-10-25 12:25:11","Deasserted","0x29000002","N/A"
"100","Normal","Port","NIC 1 (TM280) Port 1 disconnected.","2023-10-25 12:25:11","Deasserted","0x29000002","N/A"
"99","Normal","Port","NIC 1 (TM280) Port 1 disconnected.","2023-10-25 12:22:01","Asserted","0x29000001","1. Remove and reconnect the network cable.2. Check whether the network cable is securely connected to the network switch.3. Check whether the network switch is working properly."
"98","Normal","Port","NIC 2 (TM280) Port 1 disconnected.","2023-10-25 12:21:55","Asserted","0x29000001","1. Remove and reconnect the network cable.2. Check whether the network cable is securely connected to the network switch.3. Check whether the network switch is working properly."
"97","Normal","System","The host was restarted due to unrecognized reason.","2023-10-25 12:21:51","Asserted","0x2C00000F",""
"96","Normal","Port","NIC 2 (TM280) Port 1 disconnected.","2023-10-25 10:40:04","Deasserted","0x29000002","N/A"
"95","Normal","Port","NIC 1 (TM280) Port 1 disconnected.","2023-10-25 10:40:04","Deasserted","0x29000002","N/A"
"94","Normal","Port","NIC 1 (TM280) Port 1 disconnected.","2023-10-25 10:36:50","Asserted","0x29000001","1. Remove and reconnect the network cable.2. Check whether the network cable is securely connected to the network switch.3. Check whether the network switch is working properly."
"93","Normal","Port","NIC 2 (TM280) Port 1 disconnected.","2023-10-25 10:36:47","Asserted","0x29000001","1. Remove and reconnect the network cable.2. Check whether the network cable is securely connected to the network switch.3. Check whether the network switch is working properly."
"92","Normal","System","The host was restarted due to unrecognized reason.","2023-10-25 10:36:43","Asserted","0x2C00000F",""
"91","Normal","RAID Card","RAID card 1 BBU is present (SN:033EFTBBL7032377, BN:03024JMY).","2023-10-22 23:40:22","Asserted","0x06000015",""
"90","Normal","RAID Card","RAID card 1 BBU is absent (SN:033EFTBBL7032377, BN:03024JMY).","2023-10-22 23:39:02","Asserted","0x06000013","Install BBU."
"89","Normal","RAID Card","RAID card 1 BBU is present (SN:033EFTBBL7032377, BN:03024JMY).","2023-09-09 04:37:25","Asserted","0x06000015",""
"88","Normal","RAID Card","RAID card 1 BBU is absent (SN:033EFTBBL7032377, BN:03024JMY).","2023-09-09 04:33:25","Asserted","0x06000013","Install BBU."
"87","Normal","Port","NIC 2 (TM280) Port 1 disconnected.","2023-09-08 09:02:16","Deasserted","0x29000002","N/A"
"86","Normal","Port","NIC 2 (TM280) Port 1 disconnected.","2023-09-08 09:02:06","Asserted","0x29000001","1. Remove and reconnect the network cable.2. Check whether the network cable is securely connected to the network switch.3. Check whether the network switch is working properly."
"85","Normal","Port","NIC 2 (TM280) Port 1 disconnected.","2023-09-08 09:01:33","Deasserted","0x29000002","N/A"
"84","Normal","Port","NIC 1 (TM280) Port 1 disconnected.","2023-09-08 09:01:30","Deasserted","0x29000002","N/A"
"83","Normal","Port","NIC 2 (TM280) Port 1 disconnected.","2023-09-08 08:58:20","Asserted","0x29000001","1. Remove and reconnect the network cable.2. Check whether the network cable is securely connected to the network switch.3. Check whether the network switch is working properly."
"82","Normal","Port","NIC 1 (TM280) Port 1 disconnected.","2023-09-08 08:58:20","Asserted","0x29000001","1. Remove and reconnect the network cable.2. Check whether the network cable is securely connected to the network switch.3. Check whether the network switch is working properly."
"81","Normal","System","The host was restarted due to unrecognized reason.","2023-09-08 08:58:11","Asserted","0x2C00000F",""
"80","Normal","Port","NIC 2 (TM280) Port 1 disconnected.","2023-09-08 08:16:14","Deasserted","0x29000002","N/A"
"79","Normal","Port","NIC 1 (TM280) Port 1 disconnected.","2023-09-08 08:16:14","Deasserted","0x29000002","N/A"
"78","Normal","Port","NIC 2 (TM280) Port 1 disconnected.","2023-09-08 08:13:02","Asserted","0x29000001","1. Remove and reconnect the network cable.2. Check whether the network cable is securely connected to the network switch.3. Check whether the network switch is working properly."
"77","Normal","Port","NIC 1 (TM280) Port 1 disconnected.","2023-09-08 08:13:02","Asserted","0x29000001","1. Remove and reconnect the network cable.2. Check whether the network cable is securely connected to the network switch.3. Check whether the network switch is working properly."
"76","Normal","System","The host was restarted due to unrecognized reason.","2023-09-08 08:12:53","Asserted","0x2C00000F",""
"75","Normal","Port","NIC 2 (TM280) Port 1 disconnected.","2023-09-04 11:33:50","Deasserted","0x29000002","N/A"
"74","Normal","Port","NIC 1 (TM280) Port 1 disconnected.","2023-09-04 11:33:47","Deasserted","0x29000002","N/A"
"73","Normal","Port","NIC 1 (TM280) Port 1 disconnected.","2023-09-04 11:30:37","Asserted","0x29000001","1. Remove and reconnect the network cable.2. Check whether the network cable is securely connected to the network switch.3. Check whether the network switch is working properly."
"72","Normal","Port","NIC 2 (TM280) Port 1 disconnected.","2023-09-04 11:30:35","Asserted","0x29000001","1. Remove and reconnect the network cable.2. Check whether the network cable is securely connected to the network switch.3. Check whether the network switch is working properly."
"71","Normal","System","The host was restarted due to unrecognized reason.","2023-09-04 11:30:30","Asserted","0x2C00000F",""
"70","Normal","Port","NIC 2 (TM280) Port 1 disconnected.","2023-08-29 05:21:27","Deasserted","0x29000002","N/A"
"69","Normal","Port","NIC 1 (TM280) Port 1 disconnected.","2023-08-29 05:21:26","Deasserted","0x29000002","N/A"
"68","Normal","Port","NIC 2 (TM280) Port 1 disconnected.","2023-08-29 05:21:14","Asserted","0x29000001","1. Remove and reconnect the network cable.2. Check whether the network cable is securely connected to the network switch.3. Check whether the network switch is working properly."
"67","Normal","Port","NIC 1 (TM280) Port 1 disconnected.","2023-08-29 05:21:14","Asserted","0x29000001","1. Remove and reconnect the network cable.2. Check whether the network cable is securely connected to the network switch.3. Check whether the network switch is working properly."
"66","Normal","Port","NIC 2 (TM280) Port 1 disconnected.","2023-08-29 05:20:40","Deasserted","0x29000002","N/A"
"65","Normal","Port","NIC 1 (TM280) Port 1 disconnected.","2023-08-29 05:20:40","Deasserted","0x29000002","N/A"
"64","Normal","Memory","DIMM140 is replaced from SN(14AC653A) to SN(0910B9F4) (SN:0910B9F4).","2023-08-29 05:20:29","Asserted","0x01000041","N/A."
"63","Normal","Memory","DIMM040 is replaced from SN(149FE7B9) to SN(0910B9F5) (SN:0910B9F5).","2023-08-29 05:20:29","Asserted","0x01000041","N/A."
"62","Normal","BMC","iBMC is restarted after AC power supply is restored.","2023-08-29 05:17:28","Asserted","0x1A00000D",""
"61","Normal","System","ACPI is in the working state.","2023-08-29 05:17:27","Asserted","0x2C000009",""
"60","Normal","Port","NIC 2 (TM280) Port 4 disconnected.","2023-08-29 05:17:20","Asserted","0x29000001","1. Remove and reconnect the network cable.2. Check whether the network cable is securely connected to the network switch.3. Check whether the network switch is working properly."
"59","Normal","Port","NIC 2 (TM280) Port 3 disconnected.","2023-08-29 05:17:20","Asserted","0x29000001","1. Remove and reconnect the network cable.2. Check whether the network cable is securely connected to the network switch.3. Check whether the network switch is working properly."
"58","Normal","Port","NIC 2 (TM280) Port 2 disconnected.","2023-08-29 05:17:20","Asserted","0x29000001","1. Remove and reconnect the network cable.2. Check whether the network cable is securely connected to the network switch.3. Check whether the network switch is working properly."
"57","Normal","Port","NIC 2 (TM280) Port 1 disconnected.","2023-08-29 05:17:20","Asserted","0x29000001","1. Remove and reconnect the network cable.2. Check whether the network cable is securely connected to the network switch.3. Check whether the network switch is working properly."
"56","Normal","Port","NIC 1 (TM280) Port 4 disconnected.","2023-08-29 05:17:19","Asserted","0x29000001","1. Remove and reconnect the network cable.2. Check whether the network cable is securely connected to the network switch.3. Check whether the network switch is working properly."
"55","Normal","Port","NIC 1 (TM280) Port 3 disconnected.","2023-08-29 05:17:19","Asserted","0x29000001","1. Remove and reconnect the network cable.2. Check whether the network cable is securely connected to the network switch.3. Check whether the network switch is working properly."
"54","Normal","Port","NIC 1 (TM280) Port 2 disconnected.","2023-08-29 05:17:19","Asserted","0x29000001","1. Remove and reconnect the network cable.2. Check whether the network cable is securely connected to the network switch.3. Check whether the network switch is working properly."
"53","Normal","Port","NIC 1 (TM280) Port 1 disconnected.","2023-08-29 05:17:19","Asserted","0x29000001","1. Remove and reconnect the network cable.2. Check whether the network cable is securely connected to the network switch.3. Check whether the network switch is working properly."
"52","Major","PSU","Server power failure occurred at 2023-08-29 05:10:52 UTC, The power has been already restored.","2023-08-29 05:17:11","Asserted","0x0300001F","Check the equipment room power supply."
"51","Normal","System","The host is restarted after being powered on (Power strategy is 'Turn On').","2023-08-29 05:17:10","Asserted","0x2C000017",""
"50","Normal","Port","NIC 1 (TM280) Port 1 disconnected.","2023-08-28 06:19:44","Asserted","0x29000001","1. Remove and reconnect the network cable.2. Check whether the network cable is securely connected to the network switch.3. Check whether the network switch is working properly."
"49","Normal","Port","NIC 2 (TM280) Port 1 disconnected.","2023-08-28 06:19:41","Asserted","0x29000001","1. Remove and reconnect the network cable.2. Check whether the network cable is securely connected to the network switch.3. Check whether the network switch is working properly."
"48","Normal","System","ACPI is in the soft-off state.","2023-08-28 06:19:38","Asserted","0x2C00000B",""
"47","Normal","BMC","iBMC security log has reached 90% space capacity.","2023-06-29 16:06:14","Deasserted","0x1A00001E","N/A"
"46","Normal","BMC","iBMC security log has reached 90% space capacity.","2023-06-22 19:57:39","Asserted","0x1A00001D","1. Export the security logs.2. Enable remote syslog dump."
"45","Normal","Port","NIC 2 (TM280) Port 1 disconnected.","2023-06-14 11:31:04","Deasserted","0x29000002","N/A"
"44","Normal","Port","NIC 1 (TM280) Port 1 disconnected.","2023-04-18 01:43:13","Deasserted","0x29000002","N/A"
"43","Normal","Port","NIC 1 (TM280) Port 1 disconnected.","2023-04-18 01:43:03","Asserted","0x29000001","1. Remove and reconnect the network cable.2. Check whether the network cable is securely connected to the network switch.3. Check whether the network switch is working properly."
"42","Normal","Port","NIC 1 (TM280) Port 1 disconnected.","2023-04-18 01:42:26","Deasserted","0x29000002","N/A"
"41","Normal","Port","NIC 1 (TM280) Port 1 disconnected.","2023-04-18 01:39:20","Asserted","0x29000001","1. Remove and reconnect the network cable.2. Check whether the network cable is securely connected to the network switch.3. Check whether the network switch is working properly."
"40","Normal","System","The host was restarted due to unrecognized reason.","2023-04-18 01:39:10","Asserted","0x2C00000F",""
"39","Normal","Port","NIC 1 (TM280) Port 1 disconnected.","2023-04-17 03:59:55","Deasserted","0x29000002","N/A"
"38","Normal","Port","NIC 1 (TM280) Port 1 disconnected.","2023-04-17 03:59:42","Asserted","0x29000001","1. Remove and reconnect the network cable.2. Check whether the network cable is securely connected to the network switch.3. Check whether the network switch is working properly."
"37","Normal","Port","NIC 1 (TM280) Port 1 disconnected.","2023-04-17 03:59:04","Deasserted","0x29000002","N/A"
"36","Normal","Port","NIC 1 (TM280) Port 1 disconnected.","2023-04-17 03:55:54","Asserted","0x29000001","1. Remove and reconnect the network cable.2. Check whether the network cable is securely connected to the network switch.3. Check whether the network switch is working properly."
"35","Normal","System","The host was restarted due to unrecognized reason.","2023-04-17 03:55:47","Asserted","0x2C00000F",""
"34","Normal","Port","NIC 1 (TM280) Port 1 disconnected.","2023-04-17 03:32:39","Deasserted","0x29000002","N/A"
"33","Normal","Port","NIC 1 (TM280) Port 1 disconnected.","2023-04-17 03:32:14","Asserted","0x29000001","1. Remove and reconnect the network cable.2. Check whether the network cable is securely connected to the network switch.3. Check whether the network switch is working properly."
"32","Normal","Port","NIC 1 (TM280) Port 1 disconnected.","2023-04-17 03:30:12","Deasserted","0x29000002","N/A"
"31","Normal","Port","NIC 1 (TM280) Port 1 disconnected.","2023-04-17 03:27:04","Asserted","0x29000001","1. Remove and reconnect the network cable.2. Check whether the network cable is securely connected to the network switch.3. Check whether the network switch is working properly."
"30","Normal","System","The host was restarted due to unrecognized reason.","2023-04-17 03:26:54","Asserted","0x2C00000F",""
"29","Normal","Port","NIC 1 (TM280) Port 1 disconnected.","2023-04-12 06:04:43","Deasserted","0x29000002","N/A"
"28","Normal","Disk","The disk Disk2 installed.","2023-04-11 07:38:41","Asserted","0x02000003",""
"27","Normal","Disk","The disk Disk3 installed.","2023-04-11 07:38:33","Asserted","0x02000003",""
"26","Normal","BMC","iBMC is restarted after AC power supply is restored.","2023-04-10 06:36:33","Asserted","0x1A00000D",""
"25","Normal","System","ACPI is in the working state.","2023-04-10 06:36:31","Asserted","0x2C000009",""
"24","Normal","Port","NIC 2 (TM280) Port 4 disconnected.","2023-04-10 06:36:24","Asserted","0x29000001","1. Remove and reconnect the network cable.2. Check whether the network cable is securely connected to the network switch.3. Check whether the network switch is working properly."
"23","Normal","Port","NIC 2 (TM280) Port 3 disconnected.","2023-04-10 06:36:24","Asserted","0x29000001","1. Remove and reconnect the network cable.2. Check whether the network cable is securely connected to the network switch.3. Check whether the network switch is working properly."
"22","Normal","Port","NIC 2 (TM280) Port 2 disconnected.","2023-04-10 06:36:24","Asserted","0x29000001","1. Remove and reconnect the network cable.2. Check whether the network cable is securely connected to the network switch.3. Check whether the network switch is working properly."
"21","Normal","Port","NIC 2 (TM280) Port 1 disconnected.","2023-04-10 06:36:24","Asserted","0x29000001","1. Remove and reconnect the network cable.2. Check whether the network cable is securely connected to the network switch.3. Check whether the network switch is working properly."
"20","Normal","Port","NIC 1 (TM280) Port 4 disconnected.","2023-04-10 06:36:24","Asserted","0x29000001","1. Remove and reconnect the network cable.2. Check whether the network cable is securely connected to the network switch.3. Check whether the network switch is working properly."
"19","Normal","Port","NIC 1 (TM280) Port 3 disconnected.","2023-04-10 06:36:24","Asserted","0x29000001","1. Remove and reconnect the network cable.2. Check whether the network cable is securely connected to the network switch.3. Check whether the network switch is working properly."
"18","Normal","Port","NIC 1 (TM280) Port 2 disconnected.","2023-04-10 06:36:24","Asserted","0x29000001","1. Remove and reconnect the network cable.2. Check whether the network cable is securely connected to the network switch.3. Check whether the network switch is working properly."
"17","Normal","Port","NIC 1 (TM280) Port 1 disconnected.","2023-04-10 06:36:24","Asserted","0x29000001","1. Remove and reconnect the network cable.2. Check whether the network cable is securely connected to the network switch.3. Check whether the network switch is working properly."
"16","Major","PSU","Server power failure occurred at 2022-12-24 20:48:31 UTC, The power has been already restored.","2023-04-10 06:36:16","Asserted","0x0300001F","Check the equipment room power supply."
"15","Normal","System","The host is restarted after being powered on (Power strategy is 'Turn On').","2023-04-10 06:36:15","Asserted","0x2C000017",""
"14","Normal","BMC","iBMC is restarted after AC power supply is restored.","2022-12-24 20:45:39","Asserted","0x1A00000D",""
"13","Normal","System","ACPI is in the working state.","2022-12-24 20:45:37","Asserted","0x2C000009",""
"12","Normal","Port","NIC 2 (TM280) Port 4 disconnected.","2022-12-24 20:45:30","Asserted","0x29000001","1. Remove and reconnect the network cable.2. Check whether the network cable is securely connected to the network switch.3. Check whether the network switch is working properly."
"11","Normal","Port","NIC 2 (TM280) Port 3 disconnected.","2022-12-24 20:45:30","Asserted","0x29000001","1. Remove and reconnect the network cable.2. Check whether the network cable is securely connected to the network switch.3. Check whether the network switch is working properly."
"10","Normal","Port","NIC 2 (TM280) Port 2 disconnected.","2022-12-24 20:45:30","Asserted","0x29000001","1. Remove and reconnect the network cable.2. Check whether the network cable is securely connected to the network switch.3. Check whether the network switch is working properly."
"9","Normal","Port","NIC 2 (TM280) Port 1 disconnected.","2022-12-24 20:45:30","Asserted","0x29000001","1. Remove and reconnect the network cable.2. Check whether the network cable is securely connected to the network switch.3. Check whether the network switch is working properly."
"8","Normal","Port","NIC 1 (TM280) Port 4 disconnected.","2022-12-24 20:45:30","Asserted","0x29000001","1. Remove and reconnect the network cable.2. Check whether the network cable is securely connected to the network switch.3. Check whether the network switch is working properly."
"7","Normal","Port","NIC 1 (TM280) Port 3 disconnected.","2022-12-24 20:45:30","Asserted","0x29000001","1. Remove and reconnect the network cable.2. Check whether the network cable is securely connected to the network switch.3. Check whether the network switch is working properly."
"6","Normal","Port","NIC 1 (TM280) Port 2 disconnected.","2022-12-24 20:45:30","Asserted","0x29000001","1. Remove and reconnect the network cable.2. Check whether the network cable is securely connected to the network switch.3. Check whether the network switch is working properly."
"5","Normal","Port","NIC 1 (TM280) Port 1 disconnected.","2022-12-24 20:45:30","Asserted","0x29000001","1. Remove and reconnect the network cable.2. Check whether the network cable is securely connected to the network switch.3. Check whether the network switch is working properly."
"4","Major","PSU","Server power failure occurred at 2022-12-24 20:41:33 UTC, The power has been already restored.","2022-12-24 20:45:22","Asserted","0x0300001F","Check the equipment room power supply."
"3","Normal","System","The host is restarted after being powered on (Power strategy is 'Turn On').","2022-12-24 20:45:21","Asserted","0x2C000017",""
"2","Normal","System","ACPI is in the soft-off state.","2022-12-24 06:23:20","Asserted","0x2C00000B",""
"1","Normal","BMC","iBMC event records are cleared.","2022-12-24 06:22:52","Asserted","0x1A00000F",""
